rebalance_date,exit_date,portfolio_return,spy_return,stocks_held,holdings
2000-01-01,2000-04-01,0.0,0.042551,0,CASH (3 passed)
2000-04-01,2000-07-01,0.0,-0.023904,0,CASH (3 passed)
2000-07-01,2000-10-01,0.0,-0.020853,0,CASH (3 passed)
2000-10-01,2001-01-01,0.0,-0.101791,0,CASH (3 passed)
2001-01-01,2001-04-01,0.0,-0.111017,0,CASH (3 passed)
2001-04-01,2001-07-01,0.0,0.090001,0,CASH (3 passed)
2001-07-01,2001-10-01,0.0,-0.156858,0,CASH (3 passed)
2001-10-01,2002-01-01,0.0,0.111773,0,CASH (3 passed)
2002-01-01,2002-04-01,0.0,-0.005489,0,CASH (3 passed)
2002-04-01,2002-07-01,0.0,-0.150087,0,CASH (4 passed)
2002-07-01,2002-10-01,-0.058264,-0.112607,5,TATACOMM.NS,AKZOINDIA.NS,BASF.NS,MTNL.NS,ABB.NS
2002-10-01,2003-01-01,0.002284,0.067642,5,TATACOMM.NS,AKZOINDIA.NS,BASF.NS,MTNL.NS,ABB.NS
2003-01-01,2003-04-01,-0.075381,-0.051488,5,TATACOMM.NS,AKZOINDIA.NS,BASF.NS,MTNL.NS,ABB.NS
2003-04-01,2003-07-01,0.36114,0.149454,5,TATACOMM.NS,AKZOINDIA.NS,ABB.NS,BASF.NS,MTNL.NS
2003-07-01,2003-10-01,0.18901,0.040018,5,TATACOMM.NS,AKZOINDIA.NS,BASF.NS,ABB.NS,LT.NS
2003-10-01,2004-01-01,0.399148,0.094648,6,TATACOMM.NS,AKZOINDIA.NS,BASF.NS,ROLTA.NS,ABB.NS,LT.NS
2004-01-01,2004-04-01,-0.043177,0.026532,6,TATACOMM.NS,AKZOINDIA.NS,BASF.NS,ROLTA.NS,ABB.NS,LT.NS
2004-04-01,2004-07-01,-0.117757,-0.003674,5,TATACOMM.NS,AKZOINDIA.NS,BASF.NS,ROLTA.NS,LT.NS
2004-07-01,2004-10-01,0.290011,0.010403,27,ADANIENT.NS,SHRIRAMFIN.NS,SCI.NS,PFC.NS,HINDPETRO.NS,FEDERALBNK.NS,BAJAJ-AUTO.NS,ALEMBICLTD.NS,AKZOINDIA.NS,ANDHRAPAP.NS,IOC.NS,TNPL.NS,WELCORP.NS,ROLTA.NS,BBOX.NS,HINDOILEXP.NS,BPCL.NS,VOLTAS.NS,BASF.NS,CONCOR.NS,ZEEL.NS,BLUEDART.NS,APOLLOTYRE.NS,HINDALCO.NS,BEL.NS,ONGC.NS,HEROMOTOCO.NS,PGHH.NS,ITC.NS
2004-10-01,2005-01-01,0.21461,0.066727,27,ADANIENT.NS,SHRIRAMFIN.NS,SCI.NS,MASTEK.NS,PFC.NS,HINDPETRO.NS,FEDERALBNK.NS,BAJAJ-AUTO.NS,ROLTA.NS,ALEMBICLTD.NS,AKZOINDIA.NS,ANDHRAPAP.NS,IOC.NS,TNPL.NS,WELCORP.NS,BBOX.NS,HINDOILEXP.NS,BPCL.NS,VOLTAS.NS,BASF.NS,HCLTECH.NS,HCL-INSYS.NS,CONCOR.NS,ZEEL.NS,CANDC.NS,BLUEDART.NS,APOLLOTYRE.NS,HINDALCO.NS,BEL.NS,ONGC.NS
2005-01-01,2005-04-01,0.008957,-0.020037,27,ADANIENT.NS,SHRIRAMFIN.NS,SCI.NS,MASTEK.NS,PFC.NS,HINDPETRO.NS,FEDERALBNK.NS,BAJAJ-AUTO.NS,ROLTA.NS,ALEMBICLTD.NS,AKZOINDIA.NS,ANDHRAPAP.NS,IOC.NS,TNPL.NS,WELCORP.NS,BBOX.NS,HINDOILEXP.NS,BPCL.NS,VOLTAS.NS,BASF.NS,HCLTECH.NS,HCL-INSYS.NS,CONCOR.NS,ZEEL.NS,CANDC.NS,BLUEDART.NS,APOLLOTYRE.NS,HINDALCO.NS,SIEMENS.NS,BEL.NS
2005-04-01,2005-07-01,0.098109,0.021942,27,ADANIENT.NS,SHRIRAMFIN.NS,SCI.NS,MASTEK.NS,TIMKEN.NS,PFC.NS,HINDPETRO.NS,FEDERALBNK.NS,BAJAJ-AUTO.NS,ROLTA.NS,SEAMECLTD.NS,ALEMBICLTD.NS,AKZOINDIA.NS,ANDHRAPAP.NS,IOC.NS,TNPL.NS,WELCORP.NS,BBOX.NS,HINDOILEXP.NS,BPCL.NS,VOLTAS.NS,BASF.NS,HCLTECH.NS,HCL-INSYS.NS,CONCOR.NS,EPL.NS,ESABINDIA.NS,ZEEL.NS,CANDC.NS,BLUEDART.NS
2005-07-01,2005-10-01,0.299889,0.030133,25,NOCIL.NS,GESHIP.NS,CGPOWER.NS,SINTEX.NS,SCI.NS,KIRLOSIND.NS,NXTDIGITAL.NS,SAIL.NS,POLYPLEX.NS,TATACHEM.NS,GNFC.NS,CUB.NS,MASTEK.NS,ADOR.NS,HINDPETRO.NS,NAVA.NS,TIMKEN.NS,PASUPTAC.NS,INFOMEDIA.NS,ANDHRAPAP.NS,RELIANCE.NS,SHRIRAMFIN.NS,BEML.NS,VEDL.NS,EIDPARRY.NS,TATAINVEST.NS,ROLTA.NS,SEAMECLTD.NS,ALEMBICLTD.NS,GUJALKALI.NS
2005-10-01,2006-01-01,0.035759,0.038844,24,NOCIL.NS,GESHIP.NS,CGPOWER.NS,SINTEX.NS,BALLARPUR.NS,SCI.NS,KIRLOSIND.NS,NXTDIGITAL.NS,MASTEK.NS,SAIL.NS,POLYPLEX.NS,TATACHEM.NS,GNFC.NS,CUB.NS,ADOR.NS,HINDPETRO.NS,NAVA.NS,TIMKEN.NS,PASUPTAC.NS,INFOMEDIA.NS,ANDHRAPAP.NS,RELIANCE.NS,SHRIRAMFIN.NS,BEML.NS,VEDL.NS,EIDPARRY.NS,TATAINVEST.NS,SEAMECLTD.NS,ALEMBICLTD.NS,GUJALKALI.NS
2006-01-01,2006-04-01,0.226931,0.028044,24,NOCIL.NS,GESHIP.NS,CGPOWER.NS,SINTEX.NS,BALLARPUR.NS,SCI.NS,KIRLOSIND.NS,NXTDIGITAL.NS,MASTEK.NS,SAIL.NS,POLYPLEX.NS,TATACHEM.NS,GNFC.NS,CUB.NS,ADOR.NS,HINDPETRO.NS,NAVA.NS,TIMKEN.NS,PASUPTAC.NS,INFOMEDIA.NS,ANDHRAPAP.NS,RELIANCE.NS,SHRIRAMFIN.NS,BEML.NS,VEDL.NS,EIDPARRY.NS,TATAINVEST.NS,SEAMECLTD.NS,ALEMBICLTD.NS,GUJALKALI.NS
2006-04-01,2006-07-01,-0.139532,-0.010534,24,NOCIL.NS,GESHIP.NS,CGPOWER.NS,SINTEX.NS,BALLARPUR.NS,SCI.NS,KIRLOSIND.NS,NXTDIGITAL.NS,MASTEK.NS,SAIL.NS,POLYPLEX.NS,TATACHEM.NS,GNFC.NS,CUB.NS,ADOR.NS,HINDPETRO.NS,NAVA.NS,TIMKEN.NS,PASUPTAC.NS,INFOMEDIA.NS,ANDHRAPAP.NS,RELIANCE.NS,SHRIRAMFIN.NS,BEML.NS,VEDL.NS,EIDPARRY.NS,TATAINVEST.NS,ALEMBICLTD.NS,GUJALKALI.NS,BAJAJ-AUTO.NS
2006-07-01,2006-10-01,0.402306,0.045837,24,GFLLIMITED.NS,CGPOWER.NS,KOTHARIPRO.NS,KIRLOSIND.NS,BALLARPUR.NS,IITL.NS,NAGREEKEXP.NS,PRAKASH.NS,MASTEK.NS,GESHIP.NS,KSL.NS,AARVEEDEN.NS,VGL.NS,SCI.NS,EICHERMOT.NS,GSFC.NS,FACT.NS,HARRMALAYA.NS,GAEL.NS,POLYPLEX.NS,CUB.NS,TIMKEN.NS,JSWSTEEL.NS,GUJALKALI.NS,TATACHEM.NS,GNFC.NS,ALEMBICLTD.NS,NOCIL.NS,RANEHOLDIN.NS,FEDERALBNK.NS
2006-10-01,2007-01-01,0.087806,0.06826,24,GFLLIMITED.NS,CGPOWER.NS,BALLARPUR.NS,KOTHARIPRO.NS,KIRLOSIND.NS,IITL.NS,NAGREEKEXP.NS,PRAKASH.NS,GESHIP.NS,KSL.NS,VGL.NS,AARVEEDEN.NS,SCI.NS,EICHERMOT.NS,GSFC.NS,FACT.NS,HARRMALAYA.NS,GAEL.NS,MASTEK.NS,POLYPLEX.NS,CUB.NS,TIMKEN.NS,JSWSTEEL.NS,GUJALKALI.NS,TATACHEM.NS,GNFC.NS,ALEMBICLTD.NS,NOCIL.NS,RANEHOLDIN.NS,FEDERALBNK.NS
2007-01-01,2007-04-01,0.018146,0.00953,25,GFLLIMITED.NS,CGPOWER.NS,BALLARPUR.NS,KOTHARIPRO.NS,KIRLOSIND.NS,IITL.NS,NAGREEKEXP.NS,PRAKASH.NS,GESHIP.NS,KSL.NS,VGL.NS,AARVEEDEN.NS,SCI.NS,EICHERMOT.NS,GSFC.NS,TRIVENI.NS,FACT.NS,DHAMPURSUG.NS,HARRMALAYA.NS,GAEL.NS,MASTEK.NS,POLYPLEX.NS,CUB.NS,TIMKEN.NS,JSWSTEEL.NS,GUJALKALI.NS,TATACHEM.NS,GNFC.NS,ALEMBICLTD.NS,NOCIL.NS
2007-04-01,2007-07-01,0.211299,0.072337,25,GFLLIMITED.NS,CGPOWER.NS,BALLARPUR.NS,KOTHARIPRO.NS,KIRLOSIND.NS,IITL.NS,NAGREEKEXP.NS,PRAKASH.NS,GESHIP.NS,KSL.NS,VGL.NS,AARVEEDEN.NS,SCI.NS,EICHERMOT.NS,GSFC.NS,TRIVENI.NS,FACT.NS,DHAMPURSUG.NS,HARRMALAYA.NS,GAEL.NS,MASTEK.NS,POLYPLEX.NS,TIMKEN.NS,CUB.NS,JSWSTEEL.NS,PGHL.NS,GUJALKALI.NS,TATACHEM.NS,GNFC.NS,ALEMBICLTD.NS
2007-07-01,2007-10-01,0.252182,0.021405,25,NXTDIGITAL.NS,GFLLIMITED.NS,BALLARPUR.NS,LORDSCHLO.NS,KOTHARIPRO.NS,PREMIER.NS,KIRLOSIND.NS,PRAKASH.NS,SRF.NS,GABRIEL.NS,SHREDIGCEM.NS,POLYPLEX.NS,GESHIP.NS,PRIMESECU.NS,SCI.NS,TATACHEM.NS,BHAGYANGR.NS,GAEL.NS,KSL.NS,TRIVENI.NS,DHAMPURSUG.NS,AKZOINDIA.NS,MANGLMCEM.NS,MASTEK.NS,GSFC.NS,GNFC.NS,BIRLACORPN.NS,GIPCL.NS,GUJALKALI.NS,RANEHOLDIN.NS
2007-10-01,2008-01-01,0.544016,-0.055792,26,NXTDIGITAL.NS,GFLLIMITED.NS,LORDSCHLO.NS,KOTHARIPRO.NS,PREMIER.NS,KIRLOSIND.NS,PRAKASH.NS,SRF.NS,GABRIEL.NS,SHREDIGCEM.NS,POLYPLEX.NS,GESHIP.NS,MASTEK.NS,PRIMESECU.NS,SCI.NS,TATACHEM.NS,BHAGYANGR.NS,GAEL.NS,KSL.NS,TRIVENI.NS,DHAMPURSUG.NS,AKZOINDIA.NS,MANGLMCEM.NS,GSFC.NS,GNFC.NS,BIRLACORPN.NS,GIPCL.NS,GUJALKALI.NS,RANEHOLDIN.NS,PGIL.NS
2008-01-01,2008-04-01,-0.393179,-0.052652,26,NXTDIGITAL.NS,GFLLIMITED.NS,LORDSCHLO.NS,KOTHARIPRO.NS,PREMIER.NS,KIRLOSIND.NS,PRAKASH.NS,SRF.NS,GABRIEL.NS,SHREDIGCEM.NS,POLYPLEX.NS,GESHIP.NS,MASTEK.NS,PRIMESECU.NS,SCI.NS,TATACHEM.NS,BHAGYANGR.NS,GAEL.NS,KSL.NS,AKZOINDIA.NS,MANGLMCEM.NS,GSFC.NS,GNFC.NS,BIRLACORPN.NS,GIPCL.NS,GUJALKALI.NS,RANEHOLDIN.NS,PGIL.NS,TIMKEN.NS,KCP.NS
2008-04-01,2008-07-01,-0.159865,-0.055578,26,MPSLTD.NS,NXTDIGITAL.NS,GFLLIMITED.NS,LORDSCHLO.NS,KOTHARIPRO.NS,PREMIER.NS,KIRLOSIND.NS,PRAKASH.NS,SRF.NS,GABRIEL.NS,SHREDIGCEM.NS,POLYPLEX.NS,GESHIP.NS,MASTEK.NS,JINDALSAW.NS,PRIMESECU.NS,SCI.NS,TATACHEM.NS,BHAGYANGR.NS,GAEL.NS,KSL.NS,AKZOINDIA.NS,MANGLMCEM.NS,GSFC.NS,GNFC.NS,BIRLACORPN.NS,GIPCL.NS,GUJALKALI.NS,RANEHOLDIN.NS,PGIL.NS
2008-07-01,2008-10-01,-0.098915,-0.090743,25,MPSLTD.NS,GFLLIMITED.NS,BSELINFRA.NS,GPIL.NS,MODIRUBBER.NS,AJMERA.NS,POLYPLEX.NS,NSIL.NS,TIL.NS,PGIL.NS,BANCOINDIA.NS,MANAKSIA.NS,CEATLTD.NS,BLBLIMITED.NS,TARIL.NS,JMFINANCIL.NS,RGL.NS,KOTHARIPRO.NS,RALLIS.NS,TATACONSUM.NS,MANGLMCEM.NS,KIRLOSIND.NS,MASTEK.NS,JINDALSAW.NS,TIIL.NS,CHENNPETRO.NS,COSMOFIRST.NS,JINDALPOLY.NS,BIRLACORPN.NS,VGUARD.NS
2008-10-01,2009-01-01,-0.311948,-0.192512,25,MPSLTD.NS,GFLLIMITED.NS,BSELINFRA.NS,GPIL.NS,MODIRUBBER.NS,AJMERA.NS,POLYPLEX.NS,NSIL.NS,TIL.NS,PGIL.NS,BANCOINDIA.NS,MANAKSIA.NS,CEATLTD.NS,BLBLIMITED.NS,TARIL.NS,JMFINANCIL.NS,MASTEK.NS,RGL.NS,KOTHARIPRO.NS,RALLIS.NS,TATACONSUM.NS,MANGLMCEM.NS,KIRLOSIND.NS,JINDALSAW.NS,TIIL.NS,CHENNPETRO.NS,COSMOFIRST.NS,JINDALPOLY.NS,BIRLACORPN.NS,VGUARD.NS
2009-01-01,2009-04-01,-0.070552,-0.121837,25,MPSLTD.NS,GFLLIMITED.NS,BSELINFRA.NS,GPIL.NS,MODIRUBBER.NS,AJMERA.NS,POLYPLEX.NS,NSIL.NS,TIL.NS,PGIL.NS,BANCOINDIA.NS,MANAKSIA.NS,CEATLTD.NS,BLBLIMITED.NS,TARIL.NS,JMFINANCIL.NS,MASTEK.NS,RGL.NS,KOTHARIPRO.NS,RALLIS.NS,TATACONSUM.NS,MANGLMCEM.NS,KIRLOSIND.NS,JINDALSAW.NS,TIIL.NS,CHENNPETRO.NS,COSMOFIRST.NS,JINDALPOLY.NS,BIRLACORPN.NS,VGUARD.NS
2009-04-01,2009-07-01,0.708848,0.14557,25,GFLLIMITED.NS,BSELINFRA.NS,GPIL.NS,MODIRUBBER.NS,AJMERA.NS,POLYPLEX.NS,NSIL.NS,TIL.NS,PGIL.NS,HEIDELBERG.NS,BANCOINDIA.NS,MANAKSIA.NS,CEATLTD.NS,SEAMECLTD.NS,BLBLIMITED.NS,TARIL.NS,JMFINANCIL.NS,MASTEK.NS,RGL.NS,KOTHARIPRO.NS,RALLIS.NS,JINDALSAW.NS,TATACONSUM.NS,MANGLMCEM.NS,KIRLOSIND.NS,TIIL.NS,CHENNPETRO.NS,COSMOFIRST.NS,JINDALPOLY.NS,BIRLACORPN.NS
2009-07-01,2009-10-01,0.368889,0.120529,28,ZUARIIND.NS,ZUARIGLOB.NS,GSFC.NS,JKLAKSHMI.NS,AMRUTANJAN.NS,TANLA.NS,TATASTLLP.NS,GRAPHITE.NS,BSOFT.NS,KOLTEPATIL.NS,MANGLMCEM.NS,SONATSOFTW.NS,KCP.NS,JKCEMENT.NS,ADSL.NS,MANAKSIA.NS,NAVA.NS,GESHIP.NS,ZENSARTECH.NS,GUJALKALI.NS,PRAKASH.NS,RATNAMANI.NS,GSS.NS,NSIL.NS,BAJAJELEC.NS,KGL.NS,HEIDELBERG.NS,OILCOUNTUB.NS,NUCLEUS.NS,TEXINFRA.NS
2009-10-01,2010-01-01,0.218347,0.106527,28,ZUARIIND.NS,ZUARIGLOB.NS,GSFC.NS,JKLAKSHMI.NS,AMRUTANJAN.NS,TANLA.NS,TATASTLLP.NS,GRAPHITE.NS,MASTEK.NS,BSOFT.NS,KOLTEPATIL.NS,MANGLMCEM.NS,SONATSOFTW.NS,KCP.NS,JKCEMENT.NS,ADSL.NS,MANAKSIA.NS,NAVA.NS,GESHIP.NS,ZENSARTECH.NS,GUJALKALI.NS,PRAKASH.NS,RATNAMANI.NS,GSS.NS,NSIL.NS,BAJAJELEC.NS,KGL.NS,HEIDELBERG.NS,OILCOUNTUB.NS,NUCLEUS.NS
2010-01-01,2010-04-01,0.063937,0.043738,29,ZUARIIND.NS,ZUARIGLOB.NS,GSFC.NS,JKLAKSHMI.NS,AMRUTANJAN.NS,TANLA.NS,TATASTLLP.NS,GRAPHITE.NS,MASTEK.NS,BSOFT.NS,KOLTEPATIL.NS,MANGLMCEM.NS,SONATSOFTW.NS,KCP.NS,JKCEMENT.NS,ADSL.NS,MANAKSIA.NS,NAVA.NS,GESHIP.NS,ZENSARTECH.NS,GUJALKALI.NS,PRAKASH.NS,RATNAMANI.NS,GSS.NS,NSIL.NS,BAJAJELEC.NS,KGL.NS,HEIDELBERG.NS,OILCOUNTUB.NS,NUCLEUS.NS
2010-04-01,2010-07-01,-0.009012,-0.123582,29,MPSLTD.NS,ZUARIIND.NS,ZUARIGLOB.NS,GSFC.NS,JKLAKSHMI.NS,AMRUTANJAN.NS,TANLA.NS,TATASTLLP.NS,GRAPHITE.NS,MASTEK.NS,BSOFT.NS,KOLTEPATIL.NS,MANGLMCEM.NS,SONATSOFTW.NS,KCP.NS,JKCEMENT.NS,ADSL.NS,MANAKSIA.NS,NAVA.NS,GESHIP.NS,ZENSARTECH.NS,GUJALKALI.NS,PRAKASH.NS,RATNAMANI.NS,GSS.NS,NSIL.NS,BAJAJELEC.NS,KGL.NS,OILCOUNTUB.NS,NUCLEUS.NS
2010-07-01,2010-10-01,0.154458,0.121395,26,MPSLTD.NS,HINDCOMPOS.NS,GFLLIMITED.NS,MASTEK.NS,KOTHARIPRO.NS,DOLPHIN.NS,KSERASERA.NS,GAEL.NS,ORIENTABRA.NS,GEECEE.NS,TARIL.NS,VARDHACRLC.NS,EVEREADY.NS,KCP.NS,CGCL.NS,JKLAKSHMI.NS,VISAKAIND.NS,NAVINFLUOR.NS,SRF.NS,AARTIIND.NS,EMCO.NS,BANCOINDIA.NS,MANGLMCEM.NS,SEAMECLTD.NS,JINDALPOLY.NS,ANDHRSUGAR.NS,EASUNREYRL.NS,BAJAJHLDNG.NS,MARATHON.NS,ACCELYA.NS
2010-10-01,2011-01-01,-0.050126,0.114312,26,MPSLTD.NS,HINDCOMPOS.NS,GFLLIMITED.NS,KOTHARIPRO.NS,DOLPHIN.NS,KSERASERA.NS,GAEL.NS,ORIENTABRA.NS,GEECEE.NS,TARIL.NS,VARDHACRLC.NS,EVEREADY.NS,KCP.NS,CGCL.NS,JKLAKSHMI.NS,VISAKAIND.NS,NAVINFLUOR.NS,SRF.NS,AARTIIND.NS,EMCO.NS,BANCOINDIA.NS,MASTEK.NS,MANGLMCEM.NS,SEAMECLTD.NS,JINDALPOLY.NS,ANDHRSUGAR.NS,EASUNREYRL.NS,BAJAJHLDNG.NS,MARATHON.NS,ACCELYA.NS
2011-01-01,2011-04-01,-0.115915,0.052524,26,MPSLTD.NS,HINDCOMPOS.NS,GFLLIMITED.NS,KOTHARIPRO.NS,DOLPHIN.NS,KSERASERA.NS,GAEL.NS,ORIENTABRA.NS,GEECEE.NS,TARIL.NS,VARDHACRLC.NS,EVEREADY.NS,KCP.NS,CGCL.NS,JKLAKSHMI.NS,VISAKAIND.NS,NAVINFLUOR.NS,SRF.NS,AARTIIND.NS,EMCO.NS,BANCOINDIA.NS,MASTEK.NS,MANGLMCEM.NS,SEAMECLTD.NS,JINDALPOLY.NS,ANDHRSUGAR.NS,EASUNREYRL.NS,BAJAJHLDNG.NS,MARATHON.NS,ACCELYA.NS
2011-04-01,2011-07-01,-0.071628,0.010819,26,HINDCOMPOS.NS,GFLLIMITED.NS,KOTHARIPRO.NS,DOLPHIN.NS,KSERASERA.NS,GAEL.NS,ORIENTABRA.NS,GEECEE.NS,TARIL.NS,VARDHACRLC.NS,EVEREADY.NS,KCP.NS,CGCL.NS,JKLAKSHMI.NS,VISAKAIND.NS,NAVINFLUOR.NS,SRF.NS,AARTIIND.NS,EMCO.NS,BANCOINDIA.NS,MASTEK.NS,MANGLMCEM.NS,SEAMECLTD.NS,JINDALPOLY.NS,ANDHRSUGAR.NS,EASUNREYRL.NS,BAJAJHLDNG.NS,MARATHON.NS,ACCELYA.NS,TATACHEM.NS
2011-07-01,2011-10-01,-0.070063,-0.174911,27,DHFL.NS,PEL.NS,EON.NS,POLYPLEX.NS,BORORENEW.NS,BPL.NS,WINDMACHIN.NS,MANINDS.NS,CONSOFINVT.NS,GFLLIMITED.NS,KOTHARIPRO.NS,NELCAST.NS,ESTER.NS,GAEL.NS,TIL.NS,SATHAISPAT.NS,VARDHACRLC.NS,TARIL.NS,INDSWFTLTD.NS,JINDALPOLY.NS,ORIENTABRA.NS,PRAKASH.NS,KCP.NS,NAVINFLUOR.NS,VISAKAIND.NS,GSS.NS,GSFC.NS,HERCULES.NS,BAJAJHLDNG.NS,BANCOINDIA.NS
2011-10-01,2012-01-01,-0.233516,0.167232,27,PEL.NS,DHFL.NS,EON.NS,POLYPLEX.NS,BORORENEW.NS,BPL.NS,WINDMACHIN.NS,MANINDS.NS,CONSOFINVT.NS,GFLLIMITED.NS,KOTHARIPRO.NS,NELCAST.NS,ESTER.NS,GAEL.NS,TIL.NS,SATHAISPAT.NS,VARDHACRLC.NS,TARIL.NS,INDSWFTLTD.NS,JINDALPOLY.NS,ORIENTABRA.NS,PRAKASH.NS,KCP.NS,NAVINFLUOR.NS,VISAKAIND.NS,GSS.NS,GSFC.NS,HERCULES.NS,BAJAJHLDNG.NS,BANCOINDIA.NS
2012-01-01,2012-04-01,0.220403,0.117341,27,DHFL.NS,PEL.NS,EON.NS,POLYPLEX.NS,BORORENEW.NS,BPL.NS,WINDMACHIN.NS,MANINDS.NS,CONSOFINVT.NS,GFLLIMITED.NS,KOTHARIPRO.NS,NELCAST.NS,ESTER.NS,GAEL.NS,TIL.NS,SATHAISPAT.NS,VARDHACRLC.NS,TARIL.NS,INDSWFTLTD.NS,JINDALPOLY.NS,ORIENTABRA.NS,PRAKASH.NS,KCP.NS,NAVINFLUOR.NS,VISAKAIND.NS,GSS.NS,GSFC.NS,HERCULES.NS,BAJAJHLDNG.NS,BANCOINDIA.NS
2012-04-01,2012-07-01,-0.008763,-0.032616,26,XCHANGING.NS,DHFL.NS,PEL.NS,EON.NS,POLYPLEX.NS,BORORENEW.NS,BPL.NS,WINDMACHIN.NS,MANINDS.NS,CONSOFINVT.NS,GFLLIMITED.NS,KOTHARIPRO.NS,NELCAST.NS,ESTER.NS,GAEL.NS,TIL.NS,SATHAISPAT.NS,VARDHACRLC.NS,CLNINDIA.NS,TARIL.NS,INDSWFTLTD.NS,JINDALPOLY.NS,ORIENTABRA.NS,PRAKASH.NS,KCP.NS,NAVINFLUOR.NS,VISAKAIND.NS,GSS.NS,GSFC.NS,HERCULES.NS
2012-07-01,2012-10-01,0.070503,0.063079,28,XCHANGING.NS,SMARTLINK.NS,KANORICHEM.NS,JBCHEPHARM.NS,GFLLIMITED.NS,VSTIND.NS,NAVINFLUOR.NS,ARVIND.NS,NIITLTD.NS,VAIBHAVGBL.NS,PRAKASH.NS,FORCEMOT.NS,SANGHVIMOV.NS,VHL.NS,KGL.NS,PRICOLLTD.NS,GENUSPOWER.NS,CLNINDIA.NS,MANAKSIA.NS,BANCOINDIA.NS,INDSWFTLTD.NS,SUBROS.NS,MAITHANALL.NS,VENUSREM.NS,DIAPOWER.NS,UFLEX.NS,ANDHRSUGAR.NS,VISAKAIND.NS,BALAMINES.NS,KCP.NS
2012-10-01,2013-01-01,0.051342,0.018995,28,XCHANGING.NS,SMARTLINK.NS,KANORICHEM.NS,JBCHEPHARM.NS,GFLLIMITED.NS,VSTIND.NS,NAVINFLUOR.NS,ARVIND.NS,NIITLTD.NS,VAIBHAVGBL.NS,PRAKASH.NS,FORCEMOT.NS,SANGHVIMOV.NS,VHL.NS,KGL.NS,PRICOLLTD.NS,GENUSPOWER.NS,CLNINDIA.NS,MANAKSIA.NS,BANCOINDIA.NS,SUBROS.NS,MAITHANALL.NS,VENUSREM.NS,DIAPOWER.NS,UFLEX.NS,ANDHRSUGAR.NS,VISAKAIND.NS,BALAMINES.NS,KCP.NS,UNITY.NS
2013-01-01,2013-04-01,-0.193079,0.073194,28,XCHANGING.NS,SMARTLINK.NS,KANORICHEM.NS,JBCHEPHARM.NS,GFLLIMITED.NS,VSTIND.NS,NAVINFLUOR.NS,ARVIND.NS,NIITLTD.NS,VAIBHAVGBL.NS,PRAKASH.NS,FORCEMOT.NS,SANGHVIMOV.NS,VHL.NS,KGL.NS,PRICOLLTD.NS,GENUSPOWER.NS,CLNINDIA.NS,MANAKSIA.NS,BANCOINDIA.NS,SUBROS.NS,MAITHANALL.NS,VENUSREM.NS,DIAPOWER.NS,UFLEX.NS,ANDHRSUGAR.NS,VISAKAIND.NS,BALAMINES.NS,KCP.NS,UNITY.NS
2013-04-01,2013-07-01,-0.065161,0.039519,29,SMARTLINK.NS,KANORICHEM.NS,JBCHEPHARM.NS,GFLLIMITED.NS,VSTIND.NS,NAVINFLUOR.NS,ARVIND.NS,NIITLTD.NS,VAIBHAVGBL.NS,PRAKASH.NS,FORCEMOT.NS,SANGHVIMOV.NS,VHL.NS,KGL.NS,PRICOLLTD.NS,GENUSPOWER.NS,MANAKSIA.NS,BANCOINDIA.NS,SUBROS.NS,MAITHANALL.NS,VENUSREM.NS,DIAPOWER.NS,UFLEX.NS,ANDHRSUGAR.NS,VISAKAIND.NS,BALAMINES.NS,KCP.NS,UNITY.NS,AURIONPRO.NS,BBTC.NS
2013-07-01,2013-10-01,-0.018636,0.054572,27,SPIC.NS,SWELECTES.NS,GFLLIMITED.NS,KOTHARIPRO.NS,GAEL.NS,COFORGE.NS,MANAKSIA.NS,VSTIND.NS,TIIL.NS,NMDC.NS,MASTEK.NS,BANCOINDIA.NS,MAITHANALL.NS,DCW.NS,DOLPHIN.NS,GSCLCEMENT.NS,PREMIER.NS,VISAKAIND.NS,SAURASHCEM.NS,DHANI.NS,TAKE.NS,ZYDUSWELL.NS,AMBIKCO.NS,HERCULES.NS,MUNJALAU.NS,TECHNOFAB.NS,MUNJALSHOW.NS,OPTOCIRCUI.NS,BAYERCROP.NS,TCI.NS
2013-10-01,2014-01-01,0.262637,0.086053,27,HCLTECH.NS,SPIC.NS,SWELECTES.NS,GFLLIMITED.NS,KOTHARIPRO.NS,GAEL.NS,COFORGE.NS,MANAKSIA.NS,VSTIND.NS,TIIL.NS,NMDC.NS,MASTEK.NS,BANCOINDIA.NS,MAITHANALL.NS,DCW.NS,DOLPHIN.NS,GSCLCEMENT.NS,PREMIER.NS,VISAKAIND.NS,SAURASHCEM.NS,DHANI.NS,TAKE.NS,ZYDUSWELL.NS,AMBIKCO.NS,HERCULES.NS,MUNJALAU.NS,TECHNOFAB.NS,MUNJALSHOW.NS,OPTOCIRCUI.NS,BAYERCROP.NS
2014-01-01,2014-04-01,0.088179,0.033661,27,HCLTECH.NS,SPIC.NS,SWELECTES.NS,GFLLIMITED.NS,KOTHARIPRO.NS,GAEL.NS,COFORGE.NS,MANAKSIA.NS,VSTIND.NS,TIIL.NS,NMDC.NS,MASTEK.NS,BANCOINDIA.NS,MAITHANALL.NS,DCW.NS,DOLPHIN.NS,GSCLCEMENT.NS,PREMIER.NS,VISAKAIND.NS,SAURASHCEM.NS,DHANI.NS,TAKE.NS,ZYDUSWELL.NS,AMBIKCO.NS,HERCULES.NS,MUNJALAU.NS,TECHNOFAB.NS,MUNJALSHOW.NS,OPTOCIRCUI.NS,BAYERCROP.NS
2014-04-01,2014-07-01,0.491443,0.051664,27,HCLTECH.NS,SPIC.NS,SWELECTES.NS,GFLLIMITED.NS,KOTHARIPRO.NS,GAEL.NS,COFORGE.NS,MANAKSIA.NS,VSTIND.NS,TIIL.NS,NMDC.NS,MASTEK.NS,BANCOINDIA.NS,MAITHANALL.NS,DCW.NS,DOLPHIN.NS,GSCLCEMENT.NS,PREMIER.NS,VISAKAIND.NS,SAURASHCEM.NS,DHANI.NS,TAKE.NS,ZYDUSWELL.NS,AMBIKCO.NS,HERCULES.NS,MUNJALAU.NS,TECHNOFAB.NS,MUNJALSHOW.NS,OPTOCIRCUI.NS,BAYERCROP.NS
2014-07-01,2014-10-01,0.264586,-0.008988,27,HCLTECH.NS,GUJAPOLLO.NS,IFGLEXPOR.NS,GAEL.NS,HFCL.NS,DOLPHIN.NS,MANAKSIA.NS,TIIL.NS,KITEX.NS,BANCOINDIA.NS,BBTC.NS,VARDHACRLC.NS,AMBIKCO.NS,OCCL.NS,IFBAGRO.NS,ZYDUSWELL.NS,RSSOFTWARE.NS,SIYSIL.NS,AURIONPRO.NS,VENUSREM.NS,GENUSPOWER.NS,DEEPAKFERT.NS,XCHANGING.NS,TIMETECHNO.NS,KSL.NS,IRCON.NS,TALWALKARS.NS,SANDESH.NS,SHIVAMAUTO.NS,MUNJALSHOW.NS
2014-10-01,2015-01-01,0.090869,0.062803,27,GUJAPOLLO.NS,IFGLEXPOR.NS,GAEL.NS,HFCL.NS,DOLPHIN.NS,MANAKSIA.NS,TIIL.NS,KITEX.NS,BANCOINDIA.NS,BBTC.NS,VARDHACRLC.NS,AMBIKCO.NS,OCCL.NS,IFBAGRO.NS,ZYDUSWELL.NS,RSSOFTWARE.NS,SIYSIL.NS,AURIONPRO.NS,VENUSREM.NS,GENUSPOWER.NS,DEEPAKFERT.NS,XCHANGING.NS,TIMETECHNO.NS,KSL.NS,IRCON.NS,TALWALKARS.NS,SANDESH.NS,SHIVAMAUTO.NS,MUNJALSHOW.NS,MANALIPETC.NS
2015-01-01,2015-04-01,-0.051593,0.005786,27,GUJAPOLLO.NS,IFGLEXPOR.NS,GAEL.NS,HFCL.NS,DOLPHIN.NS,MANAKSIA.NS,TIIL.NS,KITEX.NS,BANCOINDIA.NS,BBTC.NS,VARDHACRLC.NS,AMBIKCO.NS,OCCL.NS,IFBAGRO.NS,ZYDUSWELL.NS,RSSOFTWARE.NS,SIYSIL.NS,AURIONPRO.NS,VENUSREM.NS,GENUSPOWER.NS,DEEPAKFERT.NS,XCHANGING.NS,TIMETECHNO.NS,KSL.NS,IRCON.NS,TALWALKARS.NS,SANDESH.NS,SHIVAMAUTO.NS,MUNJALSHOW.NS,MANALIPETC.NS
2015-04-01,2015-07-01,0.035823,0.013656,26,CLNINDIA.NS,GUJAPOLLO.NS,IFGLEXPOR.NS,GAEL.NS,HFCL.NS,DOLPHIN.NS,MANAKSIA.NS,TIIL.NS,KITEX.NS,BANCOINDIA.NS,BBTC.NS,VARDHACRLC.NS,AMBIKCO.NS,OCCL.NS,IFBAGRO.NS,ZYDUSWELL.NS,RSSOFTWARE.NS,SIYSIL.NS,AURIONPRO.NS,VENUSREM.NS,GENUSPOWER.NS,DEEPAKFERT.NS,TIMETECHNO.NS,KSL.NS,IRCON.NS,TALWALKARS.NS,SANDESH.NS,SHIVAMAUTO.NS,MUNJALSHOW.NS,MANALIPETC.NS
2015-07-01,2015-10-01,0.143562,-0.069254,24,SINTEX.NS,CLNINDIA.NS,GFLLIMITED.NS,63MOONS.NS,SUVEN.NS,SEAMECLTD.NS,SAGCEM.NS,GAEL.NS,DHFL.NS,PEL.NS,RGL.NS,IFGLEXPOR.NS,RICOAUTO.NS,SASKEN.NS,BCG.NS,TIMETECHNO.NS,GRAUWEIL.NS,MANINDS.NS,POWERMECH.NS,GUJALKALI.NS,HFCL.NS,MAITHANALL.NS,STAR.NS,GMBREW.NS,GALLANTT.NS,MANALIPETC.NS,SJVN.NS,NMDC.NS,SHARDAMOTR.NS,KTKBANK.NS
2015-10-01,2016-01-01,0.202422,0.052541,26,SINTEX.NS,CLNINDIA.NS,GFLLIMITED.NS,63MOONS.NS,SUVEN.NS,SEAMECLTD.NS,SAGCEM.NS,GAEL.NS,PEL.NS,DHFL.NS,RGL.NS,IFGLEXPOR.NS,RICOAUTO.NS,SASKEN.NS,BCG.NS,TIMETECHNO.NS,GRAUWEIL.NS,MANINDS.NS,POWERMECH.NS,GUJALKALI.NS,HFCL.NS,MAITHANALL.NS,STAR.NS,GMBREW.NS,GALLANTT.NS,MANALIPETC.NS,SJVN.NS,NMDC.NS,SHARDAMOTR.NS,KTKBANK.NS
2016-01-01,2016-04-01,-0.150775,0.034644,26,SINTEX.NS,CLNINDIA.NS,GFLLIMITED.NS,63MOONS.NS,SUVEN.NS,SEAMECLTD.NS,SAGCEM.NS,GAEL.NS,DHFL.NS,PEL.NS,RGL.NS,IFGLEXPOR.NS,RICOAUTO.NS,SASKEN.NS,BCG.NS,TIMETECHNO.NS,GRAUWEIL.NS,MANINDS.NS,POWERMECH.NS,GUJALKALI.NS,HFCL.NS,MAITHANALL.NS,STAR.NS,GMBREW.NS,GALLANTT.NS,MANALIPETC.NS,SJVN.NS,NMDC.NS,SHARDAMOTR.NS,KTKBANK.NS
2016-04-01,2016-07-01,0.199765,0.01974,27,SINTEX.NS,GFLLIMITED.NS,63MOONS.NS,SUVEN.NS,SEAMECLTD.NS,SAGCEM.NS,GAEL.NS,PEL.NS,DHFL.NS,RGL.NS,IFGLEXPOR.NS,RICOAUTO.NS,SASKEN.NS,BCG.NS,TIMETECHNO.NS,GRAUWEIL.NS,MANINDS.NS,POWERMECH.NS,GUJALKALI.NS,HFCL.NS,MAITHANALL.NS,STAR.NS,GMBREW.NS,GALLANTT.NS,MANALIPETC.NS,SJVN.NS,NMDC.NS,SHARDAMOTR.NS,KTKBANK.NS,SUPERHOUSE.NS
2016-07-01,2016-10-01,0.133893,0.033113,25,CHEMBOND.NS,KIRIINDUS.NS,CMICABLES.NS,VHL.NS,SCAPDVR.NS,GATECH.NS,BCG.NS,GARFIBRES.NS,SUVEN.NS,SORILINFRA.NS,OCCL.NS,GAEL.NS,SCI.NS,SASKEN.NS,GOLDIAM.NS,ALEMBICLTD.NS,BFINVEST.NS,IFGLEXPOR.NS,TIMETECHNO.NS,ALBERTDAVD.NS,TALWALKARS.NS,JSWINFRA.NS,MAITHANALL.NS,NOIDATOLL.NS,GESHIP.NS,MANINDS.NS,GALLANTT.NS,CHOLAHLDNG.NS,TNPETRO.NS,RGL.NS
2016-10-01,2017-01-01,-0.03733,0.050038,25,CHEMBOND.NS,KIRIINDUS.NS,CMICABLES.NS,VHL.NS,SCAPDVR.NS,GATECH.NS,BCG.NS,GARFIBRES.NS,SUVEN.NS,SORILINFRA.NS,OCCL.NS,GAEL.NS,SCI.NS,SASKEN.NS,GOLDIAM.NS,ALEMBICLTD.NS,BFINVEST.NS,IFGLEXPOR.NS,TIMETECHNO.NS,ALBERTDAVD.NS,TALWALKARS.NS,JSWINFRA.NS,MAITHANALL.NS,NOIDATOLL.NS,GESHIP.NS,MANINDS.NS,GALLANTT.NS,CHOLAHLDNG.NS,TNPETRO.NS,RGL.NS
2017-01-01,2017-04-01,0.175279,0.04934,26,CHEMBOND.NS,KIRIINDUS.NS,CMICABLES.NS,VHL.NS,SCAPDVR.NS,GATECH.NS,BCG.NS,GARFIBRES.NS,SUVEN.NS,SORILINFRA.NS,OCCL.NS,GAEL.NS,SCI.NS,SASKEN.NS,GOLDIAM.NS,ALEMBICLTD.NS,BFINVEST.NS,IFGLEXPOR.NS,TIMETECHNO.NS,ALBERTDAVD.NS,TALWALKARS.NS,JSWINFRA.NS,MAITHANALL.NS,NOIDATOLL.NS,GESHIP.NS,MANINDS.NS,GALLANTT.NS,CHOLAHLDNG.NS,TNPETRO.NS,RGL.NS
2017-04-01,2017-07-01,0.08798,0.034254,26,CHEMBOND.NS,KIRIINDUS.NS,CMICABLES.NS,VHL.NS,SCAPDVR.NS,GATECH.NS,BCG.NS,GARFIBRES.NS,SUVEN.NS,SORILINFRA.NS,OCCL.NS,GAEL.NS,SCI.NS,SASKEN.NS,GOLDIAM.NS,ALEMBICLTD.NS,BFINVEST.NS,IFGLEXPOR.NS,TIMETECHNO.NS,ALBERTDAVD.NS,TALWALKARS.NS,JSWINFRA.NS,MAITHANALL.NS,NOIDATOLL.NS,GESHIP.NS,MANINDS.NS,GALLANTT.NS,CHOLAHLDNG.NS,TNPETRO.NS,RGL.NS
2017-07-01,2017-10-01,0.038511,0.046876,22,DHUNINV.NS,DVL.NS,IWEL.NS,BCG.NS,MAWANASUG.NS,SUVEN.NS,AJMERA.NS,UTIAMC.NS,KIRIINDUS.NS,VHL.NS,JSWINFRA.NS,GARFIBRES.NS,BORORENEW.NS,GATECH.NS,SCAPDVR.NS,MANAKSIA.NS,STARPAPER.NS,BFINVEST.NS,OCCL.NS,SANGHVIMOV.NS,GAEL.NS,VLSFINANCE.NS,ALEMBICLTD.NS,NBIFIN.NS,SRIPIPES.NS,BSOFT.NS,KITEX.NS,POLYPLEX.NS,MAZDOCK.NS,POWERMECH.NS
2017-10-01,2018-01-01,0.302807,0.070654,24,DHUNINV.NS,DVL.NS,IWEL.NS,BCG.NS,MAWANASUG.NS,SUVEN.NS,AJMERA.NS,UTIAMC.NS,KIRIINDUS.NS,VHL.NS,JSWINFRA.NS,GARFIBRES.NS,BORORENEW.NS,GATECH.NS,SCAPDVR.NS,MANAKSIA.NS,STARPAPER.NS,BFINVEST.NS,OCCL.NS,SANGHVIMOV.NS,GAEL.NS,VLSFINANCE.NS,ALEMBICLTD.NS,NBIFIN.NS,SRIPIPES.NS,BSOFT.NS,KITEX.NS,POLYPLEX.NS,MAZDOCK.NS,POWERMECH.NS
2018-01-01,2018-04-01,-0.133015,-0.038208,24,DHUNINV.NS,DVL.NS,IWEL.NS,BCG.NS,MAWANASUG.NS,SUVEN.NS,AJMERA.NS,UTIAMC.NS,KIRIINDUS.NS,VHL.NS,JSWINFRA.NS,GARFIBRES.NS,BORORENEW.NS,GATECH.NS,SCAPDVR.NS,MANAKSIA.NS,STARPAPER.NS,BFINVEST.NS,OCCL.NS,SANGHVIMOV.NS,GAEL.NS,VLSFINANCE.NS,ALEMBICLTD.NS,NBIFIN.NS,SRIPIPES.NS,BSOFT.NS,KITEX.NS,POLYPLEX.NS,MAZDOCK.NS,POWERMECH.NS
2018-04-01,2018-07-01,-0.124682,0.060615,24,DHUNINV.NS,DVL.NS,IWEL.NS,BCG.NS,MAWANASUG.NS,SUVEN.NS,AJMERA.NS,UTIAMC.NS,KIRIINDUS.NS,VHL.NS,JSWINFRA.NS,GARFIBRES.NS,BORORENEW.NS,GATECH.NS,SCAPDVR.NS,MANAKSIA.NS,STARPAPER.NS,BFINVEST.NS,OCCL.NS,SANGHVIMOV.NS,GAEL.NS,VLSFINANCE.NS,ALEMBICLTD.NS,NBIFIN.NS,SRIPIPES.NS,BSOFT.NS,KITEX.NS,POLYPLEX.NS,MAZDOCK.NS,POWERMECH.NS
2018-07-01,2018-10-01,-0.072973,0.07796,23,BCG.NS,THOMASCOOK.NS,UNICHEMLAB.NS,SUVEN.NS,BSE.NS,ASHIMASYN.NS,SILINV.NS,TATACHEM.NS,JSWINFRA.NS,KIRIINDUS.NS,VIYASH.NS,SEQUENT.NS,FIBERWEB.NS,GARFIBRES.NS,MAHAPEXLTD.NS,SHRIRAMPPS.NS,IBREALEST.NS,HINDPETRO.NS,DWARKESH.NS,OCCL.NS,GALLANTT.NS,CREST.NS,SHARDAMOTR.NS,UCALFUEL.NS,KUANTUM.NS,SRIPIPES.NS,HTMEDIA.NS,PRAKASH.NS,STARPAPER.NS,ANTELOPUS.NS
2018-10-01,2019-01-01,-0.005571,-0.137418,23,BCG.NS,THOMASCOOK.NS,UNICHEMLAB.NS,SUVEN.NS,BSE.NS,ASHIMASYN.NS,SILINV.NS,TATACHEM.NS,JSWINFRA.NS,KIRIINDUS.NS,VIYASH.NS,SEQUENT.NS,FIBERWEB.NS,GARFIBRES.NS,MAHAPEXLTD.NS,SHRIRAMPPS.NS,IBREALEST.NS,HINDPETRO.NS,DWARKESH.NS,OCCL.NS,GALLANTT.NS,CREST.NS,SHARDAMOTR.NS,UCALFUEL.NS,KUANTUM.NS,SRIPIPES.NS,HTMEDIA.NS,PRAKASH.NS,STARPAPER.NS,ANTELOPUS.NS
2019-01-01,2019-04-01,0.020833,0.147523,23,BCG.NS,THOMASCOOK.NS,UNICHEMLAB.NS,SUVEN.NS,BSE.NS,ASHIMASYN.NS,SILINV.NS,TATACHEM.NS,JSWINFRA.NS,KIRIINDUS.NS,SEQUENT.NS,VIYASH.NS,FIBERWEB.NS,GARFIBRES.NS,MAHAPEXLTD.NS,SHRIRAMPPS.NS,IBREALEST.NS,HINDPETRO.NS,DWARKESH.NS,OCCL.NS,GALLANTT.NS,CREST.NS,SHARDAMOTR.NS,UCALFUEL.NS,KUANTUM.NS,SRIPIPES.NS,HTMEDIA.NS,PRAKASH.NS,STARPAPER.NS,ANTELOPUS.NS
2019-04-01,2019-07-01,-0.067932,0.039428,23,BCG.NS,THOMASCOOK.NS,UNICHEMLAB.NS,SUVEN.NS,BSE.NS,ASHIMASYN.NS,SILINV.NS,TATACHEM.NS,JSWINFRA.NS,KIRIINDUS.NS,VIYASH.NS,SEQUENT.NS,FIBERWEB.NS,GARFIBRES.NS,MAHAPEXLTD.NS,SHRIRAMPPS.NS,IBREALEST.NS,HINDPETRO.NS,DWARKESH.NS,OCCL.NS,GALLANTT.NS,CREST.NS,SHARDAMOTR.NS,UCALFUEL.NS,KUANTUM.NS,SRIPIPES.NS,HTMEDIA.NS,PRAKASH.NS,STARPAPER.NS,ANTELOPUS.NS
2019-07-01,2019-10-01,-0.132158,-0.003604,27,BCG.NS,PILANIINVS.NS,A2ZINFRA.NS,GFLLIMITED.NS,JWL.NS,SAKUMA.NS,PRAKASH.NS,SUVEN.NS,GRAPHITE.NS,HEXATRADEX.NS,HEG.NS,EROSMEDIA.NS,PGIL.NS,JINDALSAW.NS,KITEX.NS,VHL.NS,CEBBCO.NS,SHARDAMOTR.NS,STARPAPER.NS,GALLANTT.NS,FOODSIN.NS,GARFIBRES.NS,NIITLTD.NS,OCCL.NS,VIRINCHI.NS,GOLDIAM.NS,OIL.NS,HINDPETRO.NS,ALEMBICLTD.NS,MAWANASUG.NS
2019-10-01,2020-01-01,0.086715,0.113315,27,BCG.NS,PILANIINVS.NS,A2ZINFRA.NS,GFLLIMITED.NS,JWL.NS,SAKUMA.NS,PRAKASH.NS,SUVEN.NS,GRAPHITE.NS,HEXATRADEX.NS,HEG.NS,EROSMEDIA.NS,PGIL.NS,JINDALSAW.NS,KITEX.NS,VHL.NS,CEBBCO.NS,SHARDAMOTR.NS,STARPAPER.NS,GALLANTT.NS,FOODSIN.NS,GARFIBRES.NS,NIITLTD.NS,OCCL.NS,VIRINCHI.NS,GOLDIAM.NS,OIL.NS,HINDPETRO.NS,ALEMBICLTD.NS,MAWANASUG.NS
2020-01-01,2020-04-01,-0.357739,-0.237859,27,BCG.NS,PILANIINVS.NS,A2ZINFRA.NS,GFLLIMITED.NS,JWL.NS,SAKUMA.NS,PRAKASH.NS,SUVEN.NS,GRAPHITE.NS,HEXATRADEX.NS,HEG.NS,EROSMEDIA.NS,PGIL.NS,JINDALSAW.NS,KITEX.NS,VHL.NS,CEBBCO.NS,SHARDAMOTR.NS,STARPAPER.NS,GALLANTT.NS,FOODSIN.NS,GARFIBRES.NS,NIITLTD.NS,OCCL.NS,VIRINCHI.NS,GOLDIAM.NS,OIL.NS,HINDPETRO.NS,ALEMBICLTD.NS,MAWANASUG.NS
2020-04-01,2020-07-01,0.557302,0.26705,27,BCG.NS,PILANIINVS.NS,A2ZINFRA.NS,GFLLIMITED.NS,JWL.NS,SAKUMA.NS,PRAKASH.NS,SUVEN.NS,GRAPHITE.NS,HEXATRADEX.NS,HEG.NS,EROSMEDIA.NS,PGIL.NS,JINDALSAW.NS,KITEX.NS,VHL.NS,CEBBCO.NS,SHARDAMOTR.NS,STARPAPER.NS,GALLANTT.NS,FOODSIN.NS,GARFIBRES.NS,NIITLTD.NS,OCCL.NS,VIRINCHI.NS,GOLDIAM.NS,OIL.NS,HINDPETRO.NS,ALEMBICLTD.NS,MAWANASUG.NS
2020-07-01,2020-10-01,0.134535,0.089758,29,NIITLTD.NS,COFFEEDAY.NS,BCG.NS,TATACHEM.NS,HLVLTD.NS,USHAMART.NS,OIL.NS,MAXIND.NS,JINDALPOLY.NS,POWERMECH.NS,KITEX.NS,OCCL.NS,ESTER.NS,DALMIASUG.NS,EVEREADY.NS,NRAIL.NS,POKARNA.NS,GHCL.NS,FIEMIND.NS,WSTCSTPAPR.NS,BANSWRAS.NS,ANDHRSUGAR.NS,ELECON.NS,JSLHISAR.NS,KIRIINDUS.NS,WELCORP.NS,ANDHRAPAP.NS,ALEMBICLTD.NS,IOLCP.NS,JKPAPER.NS
2020-10-01,2021-01-01,0.256898,0.098851,30,NIITLTD.NS,COFFEEDAY.NS,BCG.NS,TATACHEM.NS,HLVLTD.NS,USHAMART.NS,OIL.NS,MAXIND.NS,JINDALPOLY.NS,POWERMECH.NS,KITEX.NS,OCCL.NS,ESTER.NS,DALMIASUG.NS,EVEREADY.NS,NRAIL.NS,POKARNA.NS,GHCL.NS,FIEMIND.NS,WSTCSTPAPR.NS,BANSWRAS.NS,ANDHRSUGAR.NS,ELECON.NS,JSLHISAR.NS,KIRIINDUS.NS,WELCORP.NS,ANDHRAPAP.NS,ALEMBICLTD.NS,IOLCP.NS,JKPAPER.NS
2021-01-01,2021-04-01,0.11826,0.089843,30,NIITLTD.NS,COFFEEDAY.NS,BCG.NS,TATACHEM.NS,HLVLTD.NS,USHAMART.NS,OIL.NS,MAXIND.NS,JINDALPOLY.NS,POWERMECH.NS,KITEX.NS,OCCL.NS,ESTER.NS,DALMIASUG.NS,EVEREADY.NS,NRAIL.NS,POKARNA.NS,GHCL.NS,FIEMIND.NS,WSTCSTPAPR.NS,BANSWRAS.NS,ANDHRSUGAR.NS,ELECON.NS,JSLHISAR.NS,KIRIINDUS.NS,WELCORP.NS,ANDHRAPAP.NS,ALEMBICLTD.NS,IOLCP.NS,JKPAPER.NS
2021-04-01,2021-07-01,0.409821,0.077972,30,NIITLTD.NS,COFFEEDAY.NS,BCG.NS,TATACHEM.NS,HLVLTD.NS,USHAMART.NS,OIL.NS,MAXIND.NS,JINDALPOLY.NS,POWERMECH.NS,KITEX.NS,OCCL.NS,ESTER.NS,DALMIASUG.NS,EVEREADY.NS,NRAIL.NS,POKARNA.NS,GHCL.NS,FIEMIND.NS,WSTCSTPAPR.NS,BANSWRAS.NS,ANDHRSUGAR.NS,ELECON.NS,JSLHISAR.NS,KIRIINDUS.NS,WELCORP.NS,ANDHRAPAP.NS,ALEMBICLTD.NS,IOLCP.NS,JKPAPER.NS
2021-07-01,2021-10-01,0.141446,0.01208,26,MAJESCO.NS,AURUM.NS,BCG.NS,RANASUG.NS,SUULD.NS,DVL.NS,MAWANASUG.NS,OIL.NS,WEBELSOLAR.NS,OCCL.NS,HMAAGRO.NS,TRIGYN.NS,3IINFOLTD.NS,UFLEX.NS,ROSSELLIND.NS,CLNINDIA.NS,GINNIFILA.NS,TNPETRO.NS,SHREYAS.NS,PTL.NS,TATASTLBSL.NS,SKMEGGPROD.NS,GPIL.NS,ZEEMEDIA.NS,AGARIND.NS,SARDAEN.NS,KMSUGAR.NS,JINDALPOLY.NS,JSLHISAR.NS,GAEL.NS
2021-10-01,2022-01-01,0.183786,0.103963,26,MAJESCO.NS,AURUM.NS,BCG.NS,RANASUG.NS,SUULD.NS,DVL.NS,MAWANASUG.NS,OIL.NS,WEBELSOLAR.NS,OCCL.NS,HMAAGRO.NS,TRIGYN.NS,3IINFOLTD.NS,UFLEX.NS,ROSSELLIND.NS,CLNINDIA.NS,GINNIFILA.NS,TNPETRO.NS,SHREYAS.NS,PTL.NS,TATASTLBSL.NS,SKMEGGPROD.NS,GPIL.NS,ZEEMEDIA.NS,AGARIND.NS,SARDAEN.NS,KMSUGAR.NS,JINDALPOLY.NS,JSLHISAR.NS,GAEL.NS
2022-01-01,2022-04-01,0.107388,-0.04894,26,MAJESCO.NS,AURUM.NS,BCG.NS,RANASUG.NS,SUULD.NS,DVL.NS,MAWANASUG.NS,OIL.NS,WEBELSOLAR.NS,OCCL.NS,HMAAGRO.NS,TRIGYN.NS,3IINFOLTD.NS,UFLEX.NS,ROSSELLIND.NS,CLNINDIA.NS,GINNIFILA.NS,TNPETRO.NS,SHREYAS.NS,PTL.NS,TATASTLBSL.NS,SKMEGGPROD.NS,GPIL.NS,ZEEMEDIA.NS,AGARIND.NS,SARDAEN.NS,KMSUGAR.NS,JINDALPOLY.NS,JSLHISAR.NS,GAEL.NS
2022-04-01,2022-07-01,-0.214251,-0.15463,26,MAJESCO.NS,AURUM.NS,BCG.NS,RANASUG.NS,SUULD.NS,DVL.NS,MAWANASUG.NS,OIL.NS,WEBELSOLAR.NS,OCCL.NS,HMAAGRO.NS,TRIGYN.NS,3IINFOLTD.NS,UFLEX.NS,ROSSELLIND.NS,CLNINDIA.NS,GINNIFILA.NS,TNPETRO.NS,SHREYAS.NS,PTL.NS,TATASTLBSL.NS,SKMEGGPROD.NS,GPIL.NS,ZEEMEDIA.NS,AGARIND.NS,SARDAEN.NS,KMSUGAR.NS,JINDALPOLY.NS,JSLHISAR.NS,GAEL.NS
2022-07-01,2022-10-01,0.114389,-0.034415,26,MAJESCO.NS,ISMTLTD.NS,JPOLYINVST.NS,JINDALPHOT.NS,SUULD.NS,PANACEABIO.NS,HGS.NS,INDIANCARD.NS,UNIVPHOTO.NS,BCLIND.NS,BESTAGRO.NS,NDGL.NS,SASTASUNDR.NS,DVL.NS,MANAKSIA.NS,VHL.NS,EXIDEIND.NS,OIL.NS,SAIL.NS,SPORTKING.NS,GPIL.NS,DCMNVL.NS,PRECOT.NS,TRANSWORLD.NS,NAHARSPING.NS,TATASTLBSL.NS,MAXVIL.NS,ORICONENT.NS,SHREYAS.NS,NMDC.NS
2022-10-01,2023-01-01,0.049234,0.043514,27,MAJESCO.NS,ISMTLTD.NS,JPOLYINVST.NS,JINDALPHOT.NS,SUULD.NS,PANACEABIO.NS,HGS.NS,INDIANCARD.NS,UNIVPHOTO.NS,BCLIND.NS,BESTAGRO.NS,NDGL.NS,SASTASUNDR.NS,DVL.NS,MANAKSIA.NS,VHL.NS,EXIDEIND.NS,OIL.NS,SAIL.NS,SPORTKING.NS,GPIL.NS,DCMNVL.NS,PRECOT.NS,TRANSWORLD.NS,NAHARSPING.NS,TATASTLBSL.NS,MAXVIL.NS,ORICONENT.NS,SHREYAS.NS,NMDC.NS
2023-01-01,2023-04-01,-0.083807,0.083236,27,MAJESCO.NS,ISMTLTD.NS,JPOLYINVST.NS,JINDALPHOT.NS,SUULD.NS,PANACEABIO.NS,HGS.NS,INDIANCARD.NS,UNIVPHOTO.NS,BCLIND.NS,BESTAGRO.NS,NDGL.NS,SASTASUNDR.NS,DVL.NS,MANAKSIA.NS,VHL.NS,EXIDEIND.NS,OIL.NS,SAIL.NS,SPORTKING.NS,GPIL.NS,DCMNVL.NS,PRECOT.NS,TRANSWORLD.NS,NAHARSPING.NS,TATASTLBSL.NS,MAXVIL.NS,ORICONENT.NS,SHREYAS.NS,NMDC.NS
2023-04-01,2023-07-01,0.182488,0.083931,27,MAJESCO.NS,ISMTLTD.NS,JPOLYINVST.NS,JINDALPHOT.NS,SUULD.NS,PANACEABIO.NS,HGS.NS,INDIANCARD.NS,UNIVPHOTO.NS,BCLIND.NS,BESTAGRO.NS,NDGL.NS,SASTASUNDR.NS,DVL.NS,MANAKSIA.NS,VHL.NS,EXIDEIND.NS,OIL.NS,SAIL.NS,SPORTKING.NS,GPIL.NS,DCMNVL.NS,PRECOT.NS,TRANSWORLD.NS,NAHARSPING.NS,TATASTLBSL.NS,MAXVIL.NS,ORICONENT.NS,SHREYAS.NS,NMDC.NS
2023-07-01,2023-10-01,0.291188,-0.033752,25,JPINFRATEC.NS,MAJESCO.NS,GFLLIMITED.NS,BARTRONICS.NS,SOMATEX.NS,CHENNPETRO.NS,CONSOFINVT.NS,CREST.NS,AVONMORE.NS,DHUNINV.NS,PVP.NS,JISLDVREQS.NS,DVL.NS,MAGNUM.NS,HERCULES.NS,JPOLYINVST.NS,ASMS.NS,OIL.NS,BCG.NS,TTKHLTCARE.NS,SUNFLAG.NS,JISLJALEQS.NS,WELENT.NS,SHREYAS.NS,MMTC.NS,SHREYANIND.NS,IDFC.NS,NBVENTURES.NS,ANDHRAPAP.NS,TSFINV.NS
2023-10-01,2024-01-01,0.167674,0.110602,25,JPINFRATEC.NS,MAJESCO.NS,GFLLIMITED.NS,BARTRONICS.NS,SOMATEX.NS,CHENNPETRO.NS,CONSOFINVT.NS,CREST.NS,AVONMORE.NS,DHUNINV.NS,PVP.NS,JISLDVREQS.NS,DVL.NS,MAGNUM.NS,HERCULES.NS,JPOLYINVST.NS,ASMS.NS,OIL.NS,BCG.NS,TTKHLTCARE.NS,SUNFLAG.NS,JISLJALEQS.NS,WELENT.NS,SHREYAS.NS,MMTC.NS,SHREYANIND.NS,IDFC.NS,NBVENTURES.NS,ANDHRAPAP.NS,TSFINV.NS
2024-01-01,2024-04-01,0.115491,0.10819,25,JPINFRATEC.NS,MAJESCO.NS,GFLLIMITED.NS,BARTRONICS.NS,SOMATEX.NS,CHENNPETRO.NS,CONSOFINVT.NS,CREST.NS,AVONMORE.NS,DHUNINV.NS,PVP.NS,JISLDVREQS.NS,DVL.NS,MAGNUM.NS,HERCULES.NS,JPOLYINVST.NS,ASMS.NS,OIL.NS,BCG.NS,TTKHLTCARE.NS,SUNFLAG.NS,JISLJALEQS.NS,WELENT.NS,SHREYAS.NS,MMTC.NS,SHREYANIND.NS,IDFC.NS,NBVENTURES.NS,ANDHRAPAP.NS,TSFINV.NS
2024-04-01,2024-07-01,0.114411,0.047751,25,JPINFRATEC.NS,MAJESCO.NS,GFLLIMITED.NS,BARTRONICS.NS,SOMATEX.NS,CHENNPETRO.NS,CONSOFINVT.NS,CREST.NS,AVONMORE.NS,DHUNINV.NS,PVP.NS,JISLDVREQS.NS,DVL.NS,MAGNUM.NS,HERCULES.NS,JPOLYINVST.NS,ASMS.NS,OIL.NS,BCG.NS,TTKHLTCARE.NS,SUNFLAG.NS,JISLJALEQS.NS,WELENT.NS,SHREYAS.NS,MMTC.NS,SHREYANIND.NS,IDFC.NS,NBVENTURES.NS,ANDHRAPAP.NS,TSFINV.NS
2024-07-01,2024-10-01,0.033842,0.045891,22,JPINFRATEC.NS,MAJESCO.NS,BARTRONICS.NS,RTNPOWER.NS,BOMDYEING.NS,ZUARIIND.NS,INDSWFTLAB.NS,VIPULLTD.NS,JINDALPHOT.NS,JPOLYINVST.NS,PRAKASHSTL.NS,VLSFINANCE.NS,GLOBOFFS.NS,NBVENTURES.NS,SHREYANIND.NS,AIIL.NS,TATASTLBSL.NS,ASHIMASYN.NS,AEROENTER.NS,SATINDLTD.NS,BPCL.NS,TREL.NS,SANDESH.NS,SPYL.NS,JKPAPER.NS,CHENNPETRO.NS,AJMERA.NS,SOMATEX.NS,SATIA.NS,SSWL.NS
2024-10-01,2025-01-01,-0.070231,0.031631,22,JPINFRATEC.NS,MAJESCO.NS,BARTRONICS.NS,RTNPOWER.NS,BOMDYEING.NS,ZUARIIND.NS,INDSWFTLAB.NS,VIPULLTD.NS,JINDALPHOT.NS,JPOLYINVST.NS,PRAKASHSTL.NS,VLSFINANCE.NS,GLOBOFFS.NS,NBVENTURES.NS,SHREYANIND.NS,AIIL.NS,TATASTLBSL.NS,ASHIMASYN.NS,AEROENTER.NS,SATINDLTD.NS,BPCL.NS,TREL.NS,SANDESH.NS,SPYL.NS,JKPAPER.NS,CHENNPETRO.NS,AJMERA.NS,SOMATEX.NS,SATIA.NS,SSWL.NS
